product_id,name,specification,category,official_match_status,image_url,image_rights_status,queue_reasons,priority,source_order
20250812_102743,고함량비타민 하이렉스 비타민B3000,180정,이벤트,review_required,,미확인,official_match_unresolved;image_missing,1,25
20250812_104505,일양약품 오네론액,20mL×5포,기타,review_required,https://imagedelivery.net/SJfchtznPkhOJzvVd6Drkw/barkiri/product/p1968/w=1920,verified,official_match_unresolved,1,89
20250812_113556,콜대원키즈시럽,10p,키즈,review_required,,미확인,official_match_unresolved;image_missing,1,368
20250812_114000,로페라미드캡슐,10c,소화기,review_required,,미확인,official_match_unresolved;image_missing,1,410
20250812_114016,미야리산U,420정,소화기,not_found,https://img.danuri.io/catalog-image/375/860/051/36db5288e2c3455195b0880016a2cdec.jpg,verified,official_match_unresolved,1,415
20250812_114422,스모타큐,20T,호흡기,not_found,,미확인,official_match_unresolved;image_missing,1,444
20250812_114655,1436품,60C,소화기,not_found,,미확인,official_match_unresolved;image_missing,1,467
20250812_114707,훼마틴에이,60캡슐,빈혈,review_required,,,official_match_unresolved;image_missing,1,470
20250812_115050,삼진본경옥고,60P,영양제,not_found,,미확인,official_match_unresolved;image_missing,1,500
20250812_115314,키드큐,30포,키즈,not_found,https://img.danuri.io/catalog-image/623/520/118/9c50939c8a29459c8c31d3d7df9307e1.jpg,verified,official_match_unresolved,1,524
20260129_111414,모발렌5%폼,60g,탈모,not_found,,미확인,official_match_unresolved;image_missing,1,600
20260129_111437,프롬팜,30포,탈모,not_found,,미확인,official_match_unresolved;image_missing,1,604
20260129_112348,쌍화탕,10P,드링크,review_required,,미확인,official_match_unresolved;image_missing,1,651
20260129_112351,갈근탕종합감기약,10P,호흡기,review_required,,미확인,official_match_unresolved;image_missing,1,652
20260129_112354,경남보강탕액,10P,호흡기,not_found,,미확인,official_match_unresolved;image_missing,1,653
20260129_113223,멕타,270정,비타민,not_found,,미확인,official_match_unresolved;image_missing,1,683
20260129_113301,비맥스,120정,비타민,review_required,,미확인,official_match_unresolved;image_missing,1,691
20260129_113537,액티넘EX,180T,비타민,review_required,,미확인,official_match_unresolved;image_missing,1,720
20260129_113703,썬비타민D500U,200캡슐,비타민,not_found,,미확인,official_match_unresolved;image_missing,1,732
20260129_113715,비타민D 2000IU,180캡슐,비타민,not_found,,미확인,official_match_unresolved;image_missing,1,736
20260129_113958,레모나산,20포,비타민,review_required,https://m.joeunpharm.com/web/product/big/201910/e55cb34452d3b5592802fe3cf5183bf5.jpg,verified,official_match_unresolved,1,758
20250801_173218,챔프노트코감기,10포,키즈,confirmed,https://common.health.kr/shared/images/ext_images/pack_img/P_2017090500003_00.jpg,official_source_preview,shared_item_code_identity_conflict;shared_image_cross_identity,2,12
20250801_173524,챔프코프목감기,10포,키즈,confirmed,https://common.health.kr/shared/images/ext_images/pack_img/p_2018110500002_01.jpg,official_source_preview,shared_item_code_identity_conflict;shared_image_cross_identity,2,15
20250801_173526,챔프알러논알레르기,10포,키즈,confirmed,https://www.dapharm.com/common/images/brand/1e7a892cc525459ba8fdbc78dd09b6be.png,verified,shared_item_code_identity_conflict;shared_image_cross_identity,2,17
20250801_173527,챕프이부펜해열소염,10포,키즈,confirmed,https://common.health.kr/shared/images/ext_images/pack_img/P_2016071900002_00.jpg,official_source_preview,shared_item_code_identity_conflict;shared_image_cross_identity,2,18
20250812_104252,산타몬플러스,120c,여성,confirmed,https://common.health.kr/shared/images/ext_images/pack_img/P_A11ADDDDD0017_01.jpg,official_source_preview,shared_item_code_identity_conflict;shared_image_cross_identity,2,79
20250812_104323,멘탈관리 듀얼 솔루션 안정액,1병,기타,confirmed,https://common.health.kr/shared/images/ext_images/pack_img/P_A11ABBBBB0727_02.jpg,official_source_preview,shared_item_code_identity_conflict;shared_image_cross_identity,2,83
20250812_104449,어린이멀미약 조은아이,4P,키즈,confirmed,https://common.health.kr/shared/images/ext_images/pack_img/P_2021042300003_00.jpg,official_source_preview,shared_item_code_identity_conflict;shared_image_cross_identity,2,88
20250812_104723,챔프코프액,10P,키즈,confirmed,https://common.health.kr/shared/images/ext_images/pack_img/p_2018110500002_01.jpg,official_source_preview,shared_item_code_identity_conflict;shared_image_cross_identity,2,97
20250812_104727,챔프알러논시럽,10포,키즈,confirmed,https://www.dapharm.com/common/images/brand/1e7a892cc525459ba8fdbc78dd09b6be.png,verified,shared_item_code_identity_conflict;shared_image_cross_identity,2,99
20250812_104730,챔프이부펜시럽,5mL×10포,키즈,confirmed,https://common.health.kr/shared/images/ext_images/pack_img/P_2016071900002_00.jpg,official_source_preview,shared_item_code_identity_conflict;shared_image_cross_identity,2,100
20250812_104733,챔프노즈시럽,10포,키즈,confirmed,https://common.health.kr/shared/images/ext_images/pack_img/P_2017090500003_00.jpg,official_source_preview,shared_item_code_identity_conflict;shared_image_cross_identity,2,101
20250812_111329,비가졸,120ml,피부,confirmed,https://common.health.kr/shared/images/ext_images/pack_img/P_A11A0670A0329_02.jpg,official_source_preview,shared_item_code_identity_conflict;shared_image_cross_identity,2,242
20250812_111521,메가트루골드,200T,영양제,confirmed,https://common.health.kr/shared/images/ext_images/pack_img/P_2013101100013_01.jpg,official_source_preview,shared_item_code_identity_conflict;shared_image_cross_identity,2,247
20250812_112347,보화소합원(소환),5P,진통,confirmed,https://common.health.kr/shared/images/ext_images/pack_img/P_A11A2670A0001_01.jpg,official_source_preview,shared_item_code_identity_conflict;shared_image_cross_identity,2,273
20250812_113149,피지오머비강세척액젯노즐,135ml,호흡기,confirmed,https://common.health.kr/shared/images/ext_images/pack_img/P_A11AKP07K0065_02.jpg,official_source_preview,shared_item_code_identity_conflict;shared_image_cross_identity,2,330
20250812_113152,피지오머 비강세척액 스프레이 노즐,115mL,호흡기,confirmed,https://common.health.kr/shared/images/ext_images/pack_img/P_A11AKP07K0065_02.jpg,official_source_preview,shared_item_code_identity_conflict;shared_image_cross_identity,2,331
20250812_113403,잇치페이스트,150g,"구강, 치아",confirmed,https://common.health.kr/shared/images/ext_images/pack_img/P_f29ua8m9p963y_00.jpg,official_source_preview,shared_item_code_identity_conflict;shared_image_cross_identity,2,362
20250812_113405,잇치 페이스트 프로폴리스향,140g,"구강, 치아",confirmed,https://common.health.kr/shared/images/ext_images/pack_img/P_f29ua8m9p963y_00.jpg,official_source_preview,shared_item_code_identity_conflict;shared_image_cross_identity,2,363
20250812_113738,광동우황청심원현탁액,50mL,호흡기,confirmed,https://common.health.kr/shared/images/ext_images/pack_img/P_A11A2260A0347_01.jpg,official_source_preview,shared_item_code_identity_conflict;shared_image_cross_identity,2,384
20250812_113752,안정액,50ml,호흡기,confirmed,https://common.health.kr/shared/images/ext_images/pack_img/P_A11ABBBBB0727_02.jpg,official_source_preview,shared_item_code_identity_conflict;shared_image_cross_identity,2,385
20250812_114405,보화소합원,5P,소화기,confirmed,https://common.health.kr/shared/images/ext_images/pack_img/P_A11A2670A0001_01.jpg,official_source_preview,shared_item_code_identity_conflict;shared_image_cross_identity,2,437
20250812_114721,산타몬플러스액,60V,빈혈,confirmed,https://common.health.kr/shared/images/ext_images/pack_img/P_A11ADDDDD0017_01.jpg,official_source_preview,shared_item_code_identity_conflict;shared_image_cross_identity,2,473
20250812_114745,사노바,20개,남성,confirmed,https://common.health.kr/shared/images/ext_images/pack_img/P_A11A3180A0218_00.jpg,official_source_preview,shared_item_code_identity_conflict;shared_image_cross_identity,2,476
20250812_115214,조은아이시럽,400ml,소화기,confirmed,https://common.health.kr/shared/images/ext_images/pack_img/P_2021042300003_00.jpg,official_source_preview,shared_item_code_identity_conflict;shared_image_cross_identity,2,514
20250812_115324,사노바스프레이,10g,남성,confirmed,https://common.health.kr/shared/images/ext_images/pack_img/P_A11A3180A0218_00.jpg,official_source_preview,shared_item_code_identity_conflict;shared_image_cross_identity,2,525
20260129_111250,카필러스캡슐,180캡슐,탈모,confirmed,https://common.health.kr/shared/images/ext_images/pack_img/P_A11AKP08G2962_02.jpg,official_source_preview,shared_item_code_identity_conflict;shared_image_cross_identity,2,588
20260129_111420,카필러스,60g,탈모,confirmed,https://common.health.kr/shared/images/ext_images/pack_img/P_A11AKP08G2962_02.jpg,official_source_preview,shared_item_code_identity_conflict;shared_image_cross_identity,2,601
20260129_111525,비가졸액,120ml,탈모,confirmed,https://common.health.kr/shared/images/ext_images/pack_img/P_A11A0670A0329_02.jpg,official_source_preview,shared_item_code_identity_conflict;shared_image_cross_identity,2,614
20260129_111718,광동우황청심원(사향)액,50ml,기타,confirmed,https://common.health.kr/shared/images/ext_images/pack_img/P_A11A2260A0347_01.jpg,official_source_preview,shared_item_code_identity_conflict;shared_image_cross_identity,2,618
20260129_111735,광동우황청심원(사향)액50ml,10병,기타,confirmed,https://common.health.kr/shared/images/ext_images/pack_img/P_A11A2260A0347_01.jpg,official_source_preview,shared_item_code_identity_conflict;shared_image_cross_identity,2,624
20260129_112608,안정액,50ml×10병,수면,confirmed,https://common.health.kr/shared/images/ext_images/pack_img/P_A11ABBBBB0727_02.jpg,official_source_preview,shared_item_code_identity_conflict;shared_image_cross_identity,2,656
20260129_112701,안정액50ml,5포,수면,confirmed,https://common.health.kr/shared/images/ext_images/pack_img/P_A11ABBBBB0727_02.jpg,official_source_preview,shared_item_code_identity_conflict;shared_image_cross_identity,2,670
20260129_113317,벤포벨,180정,비타민,confirmed,https://common.health.kr/shared/images/ext_images/pack_img/P_2015121700002_00.jpg,official_source_preview,shared_item_code_identity_conflict;shared_image_cross_identity,2,695
20260129_113323,벤포벨B,120정,비타민,confirmed,https://common.health.kr/shared/images/ext_images/pack_img/P_2015121700002_00.jpg,official_source_preview,shared_item_code_identity_conflict;shared_image_cross_identity,2,696
20260129_113326,벤포벨,180정,비타민,confirmed,https://common.health.kr/shared/images/ext_images/pack_img/P_2015121700002_00.jpg,official_source_preview,shared_item_code_identity_conflict;shared_image_cross_identity,2,697
20260129_113330,벤포벨,120정,비타민,confirmed,https://common.health.kr/shared/images/ext_images/pack_img/P_2015121700002_00.jpg,official_source_preview,shared_item_code_identity_conflict;shared_image_cross_identity,2,698
20260129_113946,메가트루골드정,200정,비타민,confirmed,https://common.health.kr/shared/images/ext_images/pack_img/P_2013101100013_01.jpg,official_source_preview,shared_item_code_identity_conflict;shared_image_cross_identity,2,756
20250801_172327,식물성멜라토닌,30정,수면,not_applicable,,미확인,image_missing;non_medicine_official_source_pending,3,2
20250801_172721,AD혈압계,1EA,의료기기,not_applicable,,미확인,image_missing;non_medicine_official_source_pending,3,3
20250801_172724,귀이마적외선체온계,1EA,의료기기,not_applicable,,미확인,image_missing;non_medicine_official_source_pending,3,6
20250801_172845,유한비타민D5000IU,100캡슐,영양제,not_applicable,,미확인,image_missing;non_medicine_official_source_pending,3,8
20250812_102357,국내산꿀생강도라지스틱,20포,이벤트,not_applicable,,미확인,image_missing;non_medicine_official_source_pending,3,22
20250812_102500,칼슘마그네슘 아연앤비타민D,180정,이벤트,not_applicable,,미확인,image_missing;non_medicine_official_source_pending,3,23
20250812_102506,맥스조인트뮤코다당단백콘드로이친1200,60정,이벤트,not_applicable,,미확인,image_missing;non_medicine_official_source_pending,3,24
20250812_103011,드링크,10병,드링크,not_applicable,,미확인,image_missing;non_medicine_official_source_pending,3,28
20250812_103505,비타하임비타민,1통,영양제,not_applicable,,미확인,image_missing;non_medicine_official_source_pending,3,45
20250812_103509,비빌크림캔디,10ea,기타,not_applicable,,미확인,image_missing;non_medicine_official_source_pending,3,46
20250812_103517,허브눈찜질팩,1Box,의료기기,not_applicable,,미확인,image_missing;non_medicine_official_source_pending,3,47
20250812_103607,키드큐젤리,30P,키즈,not_applicable,,미확인,image_missing;non_medicine_official_source_pending,3,49
20250812_103727,트리어드코어플러스D,180c,영양제,not_applicable,,미확인,image_missing;non_medicine_official_source_pending,3,54
20250812_103735,초임계 눈건강 아스타잔틴,120캡슐,영양제,not_applicable,,미확인,image_missing;non_medicine_official_source_pending,3,55
20250812_103738,슈퍼 아이잔틴 루테인,180캡슐,영양제,not_applicable,,미확인,image_missing;non_medicine_official_source_pending,3,56
20250812_103758,프롬팜싱글맥스루테인20,120c,영양제,not_applicable,,미확인,image_missing;non_medicine_official_source_pending,3,58
20250812_103803,슈퍼 아이 루테인,90캡슐,영양제,not_applicable,,미확인,image_missing;non_medicine_official_source_pending,3,59
20250812_104052,슬림락정,50정,소화기,confirmed,,미확인,image_missing,3,63
20250812_104242,유한m 메가엽산,90정,여성,not_applicable,,미확인,image_missing;non_medicine_official_source_pending,3,77
20250812_104713,이큐펜키즈에이시럽(아세트아미노펜),5mL×10포,키즈,confirmed,,미확인,image_missing,3,95
20250812_104716,이큐펜키즈아이시럽(이부프로펜),5mL×10포,키즈,confirmed,,미확인,image_missing,3,96
20250812_104725,챔프콜드펜하이시럽,10P,키즈,confirmed,,미확인,image_missing,3,98
20250812_104736,챔프콜드펜하이시럽,10P,키즈,confirmed,,미확인,image_missing,3,102
20250812_104759,모드콜콜드시럽,5P,호흡기,confirmed,,미확인,image_missing,3,105
20250812_104856,나프졸크림,30g,호흡기,confirmed,,미확인,image_missing,3,106
20250812_105007,바디드란트액,30ml,기타,confirmed,,,image_missing,3,115
20250812_105631,식물성 멜라토닌 멜레븐 하모니,60T,수면,not_applicable,,미확인,image_missing;non_medicine_official_source_pending,3,118
20250812_105730,카무트 브랜드 밀,30포,기타,not_applicable,,미확인,image_missing;non_medicine_official_source_pending,3,120
20250812_105744,산양유단백분말,500G,기타,not_applicable,,미확인,image_missing;non_medicine_official_source_pending,3,121
20250812_105810,녹십자 하루케어 멀티비타민V,30정,영양제,not_applicable,,미확인,image_missing;non_medicine_official_source_pending,3,125
20250812_105836,홍삼진스틱,100p,기타,not_applicable,,미확인,image_missing;non_medicine_official_source_pending,3,128
20250812_105841,하루케어칼마디,30T,영양제,not_applicable,,미확인,image_missing;non_medicine_official_source_pending,3,129
20250812_105906,녹용침향환,30환,기타,not_applicable,,미확인,image_missing;non_medicine_official_source_pending,3,131
20250812_110019,알부스,80C,영양제,not_applicable,,미확인,image_missing;non_medicine_official_source_pending,3,141
20250812_110120,어린리즈저분자콜라겐,30P,피부,not_applicable,,미확인,image_missing;non_medicine_official_source_pending,3,144
20250812_110124,비오틴어린콜라겐,60P,피부,not_applicable,,미확인,image_missing;non_medicine_official_source_pending,3,145
20250812_110141,그린프로폴리스40,120C,영양제,not_applicable,,미확인,image_missing;non_medicine_official_source_pending,3,148
20250812_110155,코큐텐 아연 셀렌 프리미엄,60캡슐×2개입,영양제,not_applicable,,미확인,image_missing;non_medicine_official_source_pending,3,151
20250812_110224,동성허브칼라2호,1box,기타,not_applicable,,미확인,image_missing;non_medicine_official_source_pending,3,154
20250812_110232,창포휴허브,1box,기타,not_applicable,,미확인,image_missing;non_medicine_official_source_pending,3,155
20250812_110525,이동국테이핑,1box,의료기기,not_applicable,,미확인,image_missing;non_medicine_official_source_pending,3,182
20250812_110528,웰업엠앰엠테이프와이,1통,기타,not_applicable,,미확인,image_missing;non_medicine_official_source_pending,3,183
20250812_110722,스트롱조인트,240정,관절,not_applicable,,미확인,image_missing;non_medicine_official_source_pending,3,196
20250812_110748,명품난각막프리미엄,120T,영양제,not_applicable,,미확인,image_missing;non_medicine_official_source_pending,3,200
20250812_110952,프리미엄리버시마린,60c,건강보조식품,not_applicable,,미확인,image_missing;non_medicine_official_source_pending,3,217
20250812_111138,마그징코플러스,60T,혈행개선,not_applicable,,미확인,image_missing;non_medicine_official_source_pending,3,228
20250812_111229,브레인하이큐,60c,혈행개선,not_applicable,,미확인,image_missing;non_medicine_official_source_pending,3,240
20250812_112817,한풍올가에스,120포,소화기,confirmed,,미확인,image_missing,3,307
20250812_113118,인사큐어액,10P,호흡기,confirmed,,미확인,image_missing,3,320
20250812_113122,이바프텐액,10포,호흡기,confirmed,,미확인,image_missing,3,322
20250812_113223,콜즈록나잘스프레이,20ml,호흡기,confirmed,,미확인,image_missing,3,338
20250812_113258,센코프액,5P,호흡기,confirmed,,,image_missing,3,348
20250812_113301,파인큐나프록센현탁액,5포,호흡기,confirmed,,미확인,image_missing,3,349
20250812_113616,모드콜코프시럽,5mL×10포,키즈,confirmed,,미확인,image_missing,3,376
20250812_113630,이큐펜키즈아이시럽(이부프로펜),5mL×10포,키즈,confirmed,,미확인,image_missing,3,379
20250812_113631,이큐펜키즈에이시럽(아세트아미노펜),5mL×10포,키즈,confirmed,,미확인,image_missing,3,380
20250812_113634,콜록키즈이부펜시럽,5ml,키즈,confirmed,,미확인,image_missing,3,381
20250812_114124,이엔탁스프로,120캡슐,"구강, 치아",not_applicable,,미확인,image_missing;non_medicine_official_source_pending,3,427
20250812_114411,커버든엑스과립(위령탕),5포,호흡기,confirmed,,미확인,image_missing,3,440
20250812_114737,트리플리얼리체크(임테기),1개,의료기기,not_applicable,,미확인,image_missing;non_medicine_official_source_pending,3,475
20250812_114756,HONEY GEL,1통,남성,not_applicable,,미확인,image_missing;non_medicine_official_source_pending,3,478
20250812_114918,상황산삼액,10병,소화기,not_applicable,,미확인,image_missing;non_medicine_official_source_pending,3,488
20250812_114924,경옥골드,100mL × 10병,소화기,not_applicable,,미확인,image_missing;non_medicine_official_source_pending,3,489
20250812_114928,파워텐골드,1병,소화기,not_applicable,,미확인,image_missing;non_medicine_official_source_pending,3,490
20250812_114935,셀티아이베이비,60P,키즈,not_applicable,,미확인,image_missing;non_medicine_official_source_pending,3,492
20250812_115001,글루타치온실크알부민,1통,영양제,not_applicable,,미확인,image_missing;non_medicine_official_source_pending,3,496
20250812_115254,티니핑홍삼젤리,10EA,키즈,not_applicable,,미확인,image_missing;non_medicine_official_source_pending,3,521
20250812_115259,프로팜칼슘챔피언,90정,키즈,not_applicable,,미확인,image_missing;non_medicine_official_source_pending,3,522
20250812_115421,일동쏘팔메토코사놀프리미엄,120캡슐,전립선,not_applicable,,미확인,image_missing;non_medicine_official_source_pending,3,528
20250812_115426,뉴올업쏘팔메토포르테,60c,전립선,not_applicable,,미확인,image_missing;non_medicine_official_source_pending,3,529
20250812_115450,젤세라프리미엄쏘팔메토,120c,전립선,not_applicable,,미확인,image_missing;non_medicine_official_source_pending,3,533
20260129_110235,녹용보,10EA,드링크,not_applicable,,미확인,image_missing;non_medicine_official_source_pending,3,535
20260129_110359,닥터 리쥬피디 프리미엄 PDRN 리페어 크림,10EA,코스메틱,not_applicable,,미확인,image_missing;non_medicine_official_source_pending,3,551
20260129_110406,리쥬닉 PDRN 리쥬비네이팅 앤 리페어 크림,10EA,코스메틱,not_applicable,,미확인,image_missing;non_medicine_official_source_pending,3,553
20260129_110416,리쥬올세라마이드베리어크림,90ml,코스메틱,not_applicable,,미확인,image_missing;non_medicine_official_source_pending,3,555
20260129_110428,후시메드 마스크팩,5ea,코스메틱,not_applicable,,미확인,image_missing;non_medicine_official_source_pending,3,558
20260129_110455,아르베라 PDRN 리쥬샷 리페어 세럼,45mL,코스메틱,not_applicable,,미확인,image_missing;non_medicine_official_source_pending,3,562
20260129_110533,애크온 딥 클렌징 폼,100mL,코스메틱,not_applicable,,미확인,image_missing;non_medicine_official_source_pending,3,570
20260129_110915,윙크리얼핏,10개,남성,not_applicable,,미확인,image_missing;non_medicine_official_source_pending,3,576
20260129_111516,판시딜액3%(미녹시딜),200ml,탈모,confirmed,,미확인,image_missing,3,612
20260129_111529,동성미녹스샴푸,120g,탈모,not_applicable,,미확인,image_missing;non_medicine_official_source_pending,3,615
20260129_112030,프롬팜질건강엔리스펙타&지노밸런스,60캡슐,유산균,not_applicable,,미확인,image_missing;non_medicine_official_source_pending,3,629
20260129_112032,프로캄진프로바이오틱스플러스30,30캡슐,유산균,not_applicable,,미확인,image_missing;non_medicine_official_source_pending,3,630
20260129_112046,트루팍 생프로바이오틱스,30포,유산균,not_applicable,,미확인,image_missing;non_medicine_official_source_pending,3,634
20260129_112100,올케어장용성프로바이오틱스,60캡슐,유산균,not_applicable,,미확인,image_missing;non_medicine_official_source_pending,3,637
20260129_112103,프로바이오틱스프라임,120c,유산균,not_applicable,,미확인,image_missing;non_medicine_official_source_pending,3,638
20260129_113524,울트라맥스메가B,120정,비타민,not_applicable,,미확인,image_missing;non_medicine_official_source_pending,3,716
20260129_113630,올인원뉴트리션이뮨데일리팩,30포,비타민,not_applicable,,미확인,image_missing;non_medicine_official_source_pending,3,725
20260129_113732,하루루틴비타민C,100포×2개,비타민,not_applicable,,미확인,image_missing;non_medicine_official_source_pending,3,740
20260129_113748,리포좀비타민C,30포,비타민,not_applicable,,미확인,image_missing;non_medicine_official_source_pending,3,745
20260129_114009,엘리나C이뮨,120T,비타민,not_applicable,,미확인,image_missing;non_medicine_official_source_pending,3,762
20260129_114024,장용비타민C복합제,240c,비타민,not_applicable,,미확인,image_missing;non_medicine_official_source_pending,3,764
20260129_114054,유한m액티브셀렌효모플러스,480정,비타민,not_applicable,,미확인,image_missing;non_medicine_official_source_pending,3,770
20260129_114113,아이브라 아연,60정,비타민,not_applicable,,미확인,image_missing;non_medicine_official_source_pending,3,776
20250812_105806,녹십자 하루케어 오메가3,30캡슐,영양제,not_applicable,https://thumbnail.coupangcdn.com/thumbnails/remote/492x492ex/image/vendor_inventory/4379/a68607c745c6a299d018716cb6f633240f699e2fb04102e177251d2d5a77.png,verified,image_search_proxy_source;non_medicine_official_source_pending,4,124
20250812_110425,큐어반F 관절용,7매,상처,not_applicable,https://thumbnail.coupangcdn.com/thumbnails/remote/492x492ex/image/vendor_inventory/3c45/6367c958cb5c7a4ec5107644de598e6fbb18d6a428265231668fa05ab519.jpg,verified,image_search_proxy_source;non_medicine_official_source_pending,4,168
20250812_110426,큐어반F 손끝용,10매,상처,not_applicable,https://thumbnail.coupangcdn.com/thumbnails/remote/492x492ex/image/vendor_inventory/033e/8ddb3b42ee081ad6c27921ba56ff0e72eb332dba197361890998458e512b.jpg,verified,image_search_proxy_source;non_medicine_official_source_pending,4,169
20250812_112150,모스케어 싹액,80mL,호흡기,not_applicable,https://thumbnail.coupangcdn.com/thumbnails/remote/492x492ex/image/retail/images/2025/08/07/14/5/90734ebf-f3b3-466a-bfd2-cf99e4a51039.jpg,verified,image_search_proxy_source;non_medicine_official_source_pending,4,267
20260129_112042,프롬팜싱글맥스프로바이오틱스50,60포,유산균,not_applicable,https://thumbnail.coupangcdn.com/image/vendor_inventory/4e7c/d53077c18bc71246885bf77100ef0450453767ac2dc7eacbffb772221926.jpeg,verified,image_search_proxy_source;non_medicine_official_source_pending,4,633
20260129_113706,츄어블비타민D4000IU,120캡슐,비타민,not_applicable,https://thumbnail.coupangcdn.com/image/vendor_inventory/668f/b18fc34e273b4aef795e1a798b6ded7e6b72402e25d2bf99686b335c152b.png,verified,image_search_proxy_source;non_medicine_official_source_pending,4,733
20260129_113801,하루케어멀티비타민&미네랄,500mg×30정,비타민,not_applicable,https://thumbnail.coupangcdn.com/image/vendor_inventory/dc03/3b6e0e25620a7a322c61d4a339960be0ac791474cd2dcd1a0597ae3fb2d9.jpg,verified,image_search_proxy_source;non_medicine_official_source_pending,4,749
20260129_113832,슈퍼멀티비타민이뮨부스트,30병,비타민,not_applicable,https://thumbnail.coupangcdn.com/image/retail/images/2025/05/07/17/5/292e21c9-9ebe-438c-9758-600808e775e1.png,verified,image_search_proxy_source;non_medicine_official_source_pending,4,752
20250801_172323,헬씨허그 식물성 멜라토닌 함유 멜라잇 플러스 500mg,30정,수면,not_applicable,https://img.danuri.io/catalog-image/777/901/061/64f56c0cedf347969414ccdc059f5213.jpg,verified,non_medicine_official_source_pending,6,1
20250801_172722,보령 메디칼 비접촉식 다기능 체온계 BR-060,1개,의료기기,not_applicable,https://image.coupangcdn.com/image/vendor_inventory/9212/268aaa16b1a611a237e2e0f17b1dcc767f88a2832ca49cf3126a731d7811.jpg,verified,non_medicine_official_source_pending,6,4
20250801_172723,보령 귓속형 체온계 DT-025,1개,의료기기,not_applicable,https://image.coupangcdn.com/image/vendor_inventory/92ac/a825fdd41c9eef945e4d5b604602a191a647f23ed07b7c297c1d35213a37.png,verified,non_medicine_official_source_pending,6,5
20250801_172844,유한m 비타민D 2000IU,90캡슐,영양제,not_applicable,https://www.peoplepharm.com/shop/data/goods/1692687104547l0.jpg,verified,non_medicine_official_source_pending,6,7
20250801_173304,비겐크림톤,1통,기타,not_applicable,https://img.danuri.io/catalog-image/068/630/004/12e319e435424a6798668cfb814a27a9.jpg,verified,non_medicine_official_source_pending,6,13
20250812_103019,컨디션 헛개,100mL×10병,드링크,not_applicable,https://cdn.011st.com/11dims/resize/600x600/quality/75/11src/product/8437151603/B.webp?241429988,verified,non_medicine_official_source_pending,6,29
20250812_103032,부채표 쌍화천,100mL×10병,드링크,not_applicable,https://www.dong-wha.co.kr/product/pimage/20250908015900_mid-200px.jpg,verified,non_medicine_official_source_pending,6,30
20250812_103132,영진 아미노비 골드,100mL×10병,드링크,not_applicable,https://cdn.011st.com/11dims/resize/1000x1000/quality/75/11src/product/8978393215/B.webp?638431694,verified,non_medicine_official_source_pending,6,34
20250812_103254,컴배트 스피드 에어졸,500mL×1개,기타,not_applicable,https://img.danuri.io/catalog-image/761/147/005/3dde9953d30c4632895e65d2b652afb0.jpg,verified,non_medicine_official_source_pending,6,36
20250812_103307,홈키파 수성 에어졸 무향,600mL×1개,기타,not_applicable,https://img.danuri.io/catalog-image/458/174/093/a91c4bfc228b404486ff93cc4a351131.webp,verified,non_medicine_official_source_pending,6,37
20250812_103314,피톤치드 에어로졸(수성),1EA,기타,not_applicable,https://ep-cdn.011st.com/11dims/resize/900x900/quality/75/11src/product/3515129059/B.jpg?567000000,verified,non_medicine_official_source_pending,6,38
20250812_103344,웰빙헬스 고운발,100g,기타,not_applicable,https://www.cjq.co.kr/shopimages/maxcareon/005000000081.jpg?1478849640,verified,non_medicine_official_source_pending,6,39
20250812_103426,바세린 인텐시브 케어 헬씨 핸드 앤 스트롱거 네일,60mL,기타,not_applicable,https://img.danuri.io/catalog-image/589/193/010/a1f8817e5cbd4ff4aaae40865a49aa4b.jpg,verified,non_medicine_official_source_pending,6,40
20250812_103431,바세린 풋크림 딥 모이스처,55g,기타,not_applicable,https://simg.ssgcdn.com/trans.ssg?src=/uphoto/202410/20241025103858_1227497783_0_1.jpg&w=500&h=500&autoOrient=true&t=aba5fe1276b8201d411ed9cca6dc9a54046de94b,verified,non_medicine_official_source_pending,6,41
20250812_103434,바세린 프로텍팅 젤리 오리지널,50mL,기타,not_applicable,https://img.danuri.io/catalog-image/362/544/003/690b9a07f0e149c0a927c11d7cb6e109.jpg,verified,non_medicine_official_source_pending,6,42
20250812_103447,듀렉스 인비저블 엑스트라 센서티브,10개,남성,not_applicable,https://ecimg.cafe24img.com/pg480b29845720013/greentube/web/product/big/20251127/59426f89d3662759599b38a0b165fe83.jpg,verified,non_medicine_official_source_pending,6,43
20250812_103448,윙크 퍼펙트 슬림 001,10개,남성,not_applicable,https://www.dapharm.com/common/images/brand/WNKCDPS10P_01.png,verified,non_medicine_official_source_pending,6,44
20250812_103544,레모비타플러스,120정,키즈,not_applicable,https://www.peoplepharm.com/shop/data/goods/1449113376l0.jpg,verified,non_medicine_official_source_pending,6,48
20250812_103618,정관장 아이키커 비타골드 포도,100mL×10포,키즈,not_applicable,https://img.danuri.io/catalog-image/596/924/117/2b6acafa07bc4c6b8aa3976ff29a9fa9.jpg,verified,non_medicine_official_source_pending,6,50
20250812_103632,동아제약 프롬팜 이뮨챔피언,15g×30포,키즈,not_applicable,https://www.dapharm.com/common/images/brand/ICPO30_01.png,verified,non_medicine_official_source_pending,6,51
20250812_103713,리너지 초임계 알티지 오메가3 원스,60캡슐,영양제,not_applicable,https://ep-cdn.011st.com/11dims/resize/900x900/quality/75/11src/product/9337580498/B.webp?189849497,verified,non_medicine_official_source_pending,6,52
20250812_103723,종근당 명작 프리미엄 알티지 오메가-3,90캡슐,영양제,not_applicable,https://cdn.011st.com/11dims/resize/1000x1000/quality/75/11src/product/4717666670/B.png?221000000,verified,non_medicine_official_source_pending,6,53
20250812_103749,유한 루테인 지아잔틴 플러스,60캡슐,영양제,not_applicable,https://contents.lotteon.com/itemimage/20260626205213/LO/27/09/45/70/90/_2/70/94/57/09/1/LO2709457090_2709457091_1.jpg,verified,non_medicine_official_source_pending,6,57
20250812_104948,시카케어 실리콘 겔 시트(소),3cm×12cm 1매,상처,not_applicable,https://smith-nephew.stylelabs.cloud/api/public/content/4e95d4ec304c4f788b56f8e616c0948f?v=6f8e6114,verified,non_medicine_official_source_pending,6,112
20250812_105723,온유바이오 파인애플 그레인 효소,30포,기타,not_applicable,https://img.danuri.io/catalog-image/606/618/122/f8dab3fea4524504b9b5b7fbce7c097b.webp,verified,non_medicine_official_source_pending,6,119
20250812_105753,리틀모어 아르앤비타 블러드 오렌지맛,12g×14포,기타,not_applicable,https://itemimage.cjonstyle.net/goods_images/20/137/2075592137L.jpg?t=20251205200439,verified,non_medicine_official_source_pending,6,122
20250812_105757,아임얼라이브 카무트 브랜드밀 효소,3g×30포,기타,not_applicable,https://img.ssfshop.com/goods/BETY/25/04/23/GQR525042393491_0_ORGINL_20250423131003192.jpg,verified,non_medicine_official_source_pending,6,123
20250812_105814,익수 프리미엄 수 침향환 4.2,30환,기타,not_applicable,https://img1a.coupangcdn.com/image/vendor_inventory/51cd/a86ef25d216629f3ad168bf36702602a5861dc13f99cf9e23919a2d542f4.png,verified,non_medicine_official_source_pending,6,126
20250812_105820,녹십자 하루케어 루테인,30캡슐,영양제,not_applicable,https://img1a.coupangcdn.com/image/vendor_inventory/174a/a0570de1e4584947d821d254ecbdcc317586c59e4bc65cd373eab393feb6.jpg,verified,non_medicine_official_source_pending,6,127
20250812_105859,한삼인 홍기천 앰플,20mL×16병,기타,not_applicable,https://img.danuri.io/catalog-image/122/667/122/e9955df5b55a474daa9bf9407417048a.jpg,verified,non_medicine_official_source_pending,6,130
20250812_105912,한삼인 홍기천 침향환,30환,기타,not_applicable,https://ep-cdn.011st.com/11dims/resize/900x900/quality/75/11src/pd/v2/1/9/8/9/1/4/XwfGK/9486198914_B.webp,verified,non_medicine_official_source_pending,6,132
20250812_105919,씨스팡 늘 비움,28포,다이어트,not_applicable,https://img1a.coupangcdn.com/image/retail/images/50b48da7-70e6-4ef3-a2ba-fab8f8ba8fe215732333612504323224.png,verified,non_medicine_official_source_pending,6,133
20250812_105923,유기농 엑스트라 버진 올리브유,14P,기타,not_applicable,https://img.danuri.io/catalog-image/896/411/054/537eb4aab0294bdd954284ee23900666.jpg,verified,non_medicine_official_source_pending,6,134
20250812_105931,헬씨허그 하루1레몬 유기농 NFC 레몬즙 100%,20g×30포,기타,not_applicable,https://sitem.ssgcdn.com/09/62/09/item/1000682096209_i1_1200.jpg,verified,non_medicine_official_source_pending,6,135
20250812_105934,뉴트리가든 엑스트라버진 유기농 올리브오일100 스틱,10mL×30포,기타,not_applicable,https://m.ngardenmall.co.kr/web/product/big/202505/7ed40406e01f833744cbdf8ee1972a1d.jpg,verified,non_medicine_official_source_pending,6,136
20250812_105940,헬씨허그 마이 라이프 식물성 대마종자유 100%,60캡슐,기타,not_applicable,https://img.danuri.io/catalog-image/156/626/122/3fcae4221f0d4a63bf927dc3c7fc95d5.webp,verified,non_medicine_official_source_pending,6,137
20250812_105953,나우푸드 블러드 케어 올인원,60정,기타,not_applicable,https://img1a.coupangcdn.com/image/vendor_inventory/image_audit/prod/42c8cb37-1d36-4db8-8ec7-34cf5fe3b82d_fixing_v2.png,verified,non_medicine_official_source_pending,6,138
20250812_105957,씨스팡 혈관 팔팔,60정,기타,not_applicable,https://img.danuri.io/catalog-image/271/415/072/17b54815da3544bfb5bdad3513a01c69.jpg,verified,non_medicine_official_source_pending,6,139
20250812_110005,종근당 명작 코큐텐,90캡슐,영양제,not_applicable,https://ep-cdn.011st.com/11dims/resize/900x900/quality/75/11src/product/9267534677/B.webp?804082625,verified,non_medicine_official_source_pending,6,140
20250812_110026,일양약품 바이탈 NMN 퀘르세틴,600mg×30정,기타,not_applicable,https://sep-item.ssgcdn.com/75/30/27/item/1000846273075_i1_350.jpg,verified,non_medicine_official_source_pending,6,142
20250812_110029,식물유래 명품 NMN 프리미엄,500mg×60정×2개입,기타,not_applicable,https://midermall.com/upload/goods/list/20250319151942023236.png,verified,non_medicine_official_source_pending,6,143
20250812_110130,뉴트리 에버콜라겐 인앤업 플러스,750mg×56정,피부,not_applicable,https://sitem.ssgcdn.com/72/39/67/item/1000265673972_i1_1200.jpg,verified,non_medicine_official_source_pending,6,146
20250812_110132,온유바이오 리핏 어린 저분자 피쉬 콜라겐,30포,피부,not_applicable,https://img.danuri.io/catalog-image/224/345/015/da6b59f6bec8497696c72cd281a41363.jpg,verified,non_medicine_official_source_pending,6,147
20250812_110146,면역앤포르테,120T,기타,not_applicable,https://ep-cdn.011st.com/11dims/resize/900x900/quality/75/11src/product/9342072842/B.webp?404042857,verified,non_medicine_official_source_pending,6,149
20250812_110151,유한m 면역앤 프로폴리스 아연 플러스,1000mg×60캡슐×2개입,영양제,not_applicable,https://image.coupangcdn.com/image/vendor_inventory/67eb/443874cd785f746280503b6763842b8f449d12db7c0f33ab03f8111975b1.png,verified,non_medicine_official_source_pending,6,150
20250812_110159,조아제약 허브쵸크에스,20mL×30앰플,기타,not_applicable,https://m.choa.co.kr/userFiles2/product/filename20230620_140653_0596370.jpg,verified,non_medicine_official_source_pending,6,152
20250812_110219,매직리얼허브,1box,기타,not_applicable,https://ep-cdn.011st.com/11dims/resize/900x900/quality/75/11src/product/4639761446/B.webp?734757385,verified,non_medicine_official_source_pending,6,153
20250812_110336,케어리브 L,30mm×72mm 16매,상처,not_applicable,https://img1a.coupangcdn.com/image/vendor_inventory/b759/c786976fbc59992918bf249f2971b8e30cd6bc2592f7dd8c90dda5e83c25.png,verified,non_medicine_official_source_pending,6,156
20250812_110338,니치반 케어리브 카카오프렌즈 라이언,12매,상처,not_applicable,https://img.danuri.io/catalog-image/804/148/088/c8417895700a4b06aac532ea0f2474ed.jpg,verified,non_medicine_official_source_pending,6,157
20250812_110350,밴드닥터소프트스킨일반,20매,상처,not_applicable,https://ecimg.cafe24img.com/pg1711b79719016088/dbneedlemall/web/product/big/20260305/3ba5fcc8f071ab0298ab1f9710ecefe2.jpg,verified,non_medicine_official_source_pending,6,158
20250812_110402,동국제약 마데카 습윤 밴드 키즈,10매,상처,not_applicable,https://m.ehanmaum.co.kr/data/goods/1/2024/01/2091_tmp_1127fef008c960a00ea4e666b82b13166524large.jpg,verified,non_medicine_official_source_pending,6,159
20250812_110403,마데카습윤밴드,2매,상처,not_applicable,https://img.danuri.io/catalog-image/643/939/013/3281f2beba4b4a5e9dfdc34f04a27406.jpg,verified,non_medicine_official_source_pending,6,160
20250812_110416,대원제약 큐어반F 일반용 중형,10매,상처,not_applicable,https://shop-phinf.pstatic.net/20240627_292/17194943284505zVgi_JPEG/1206301499682559_212518834.JPG?type=o1000,verified,non_medicine_official_source_pending,6,161
20250812_110417,대원제약 큐어반F 일반용,30매,상처,not_applicable,https://cdn.011st.com/11dims/resize/1000x1000/quality/75/11src/product/4572902183/B.png?455000000,verified,non_medicine_official_source_pending,6,162
20250812_110418,큐어반F대형,16매,상처,not_applicable,https://image.auction.co.kr/origin/4f/a7/d5/4fa7d52856.jpg,verified,non_medicine_official_source_pending,6,163
20250812_110419,큐어반F 소형(큐티용),10매,상처,not_applicable,https://shop-phinf.pstatic.net/20250224_116/1740372367617U8Kuf_JPEG/18564307746932240_1776584554.jpg?type=o1000,verified,non_medicine_official_source_pending,6,164
20250812_110420,큐어반F 원형,20매,상처,not_applicable,https://gdimg.gmarket.co.kr/3936442429/goodsimage?ver=29401969785,verified,non_medicine_official_source_pending,6,165
20250812_110421,큐어반F 발뒤꿈치용,12매,상처,not_applicable,https://img.danuri.io/catalog-image/302/143/088/a4c980436ea84bdeb11ac1716a674051.jpg?_v=20260529173423&shrink=330%3A%2A,verified,non_medicine_official_source_pending,6,166
20250812_110424,큐어반F 가족용,20매,상처,not_applicable,https://image.auction.co.kr/origin/4f/a7/c7/4fa7c7f1a6.jpg,verified,non_medicine_official_source_pending,6,167
20250812_110430,큐어반A 방수(표준형),10매,상처,not_applicable,https://image.auction.co.kr/origin/4f/a7/db/4fa7db5976.jpg,verified,non_medicine_official_source_pending,6,170
20250812_110431,큐어반A 방수(대형),15매,상처,not_applicable,https://image.auction.co.kr/origin/4f/a7/d9/4fa7d96846.jpg,verified,non_medicine_official_source_pending,6,171
20250812_110436,큐어반H 스팟,66매,상처,not_applicable,https://cdn.011st.com/11dims/resize/1000x1000/quality/75/11src/product/6383994536/B.jpg?480000000,verified,non_medicine_official_source_pending,6,172
20250812_110456,맨담 서포트 발목 튼튼 프리미엄,1box,의료기기,not_applicable,https://img.danuri.io/catalog-image/636/650/090/6a554d0e1ff444329c2d20eb3703659f.jpg,verified,non_medicine_official_source_pending,6,173
20250812_110457,맨담 서포트 손목 튼튼 프리미엄,1box,의료기기,not_applicable,https://img.danuri.io/catalog-image/697/652/090/9630f64c77f04cf987263e6da6db160b.jpg,verified,non_medicine_official_source_pending,6,174
20250812_110459,맨담 서포트 무릎 튼튼 프리미엄,1box,의료기기,not_applicable,https://img.danuri.io/catalog-image/558/650/090/2f59b3fa644144cf9834c0370cde4c56.jpg,verified,non_medicine_official_source_pending,6,175
20250812_110460,맨담 서포트 팔꿈치 튼튼 프리미엄,1box,의료기기,not_applicable,https://img.danuri.io/catalog-image/814/715/072/7d274f792bf947d19dbeca70188cdcc9.jpg,verified,non_medicine_official_source_pending,6,176
20250812_110502,맨담 서포트 엄지 튼튼 프리미엄,1box,의료기기,not_applicable,https://img.danuri.io/catalog-image/178/231/088/ddd23732f2a8427c923e14a7c03175e5.jpg,verified,non_medicine_official_source_pending,6,177
20250812_110503,맨담 서포트 골프 테니스 엘보 튼튼 프리미엄,1box,의료기기,not_applicable,https://sep-item.ssgcdn.com/46/20/68/item/1000547682046_i1_350.jpg,verified,non_medicine_official_source_pending,6,178
20250812_110511,반테린코와 서포터 손목 L,1매,의료기기,not_applicable,https://www.iroirotokyo.net/wp-content/uploads/2020/02/1628713.thumb_.jpg,verified,non_medicine_official_source_pending,6,179
20250812_110512,반테린코와 서포터 손목 M,1개,의료기기,not_applicable,https://img1a.coupangcdn.com/image/vendor_inventory/images/2019/03/19/14/2/e367a717-03d3-4a56-a364-5d0204fbcdb6.jpg,verified,non_medicine_official_source_pending,6,180
20250812_110524,아나파 롤테이프,5cm×5m,의료기기,not_applicable,https://soear.co.kr/web/product/small/202304/0786ac0ee82f7122a5c39a9560e717b8.jpg,verified,non_medicine_official_source_pending,6,181
20250812_110534,메디큐어 롤반창고 중형,10cm×10m,상처,not_applicable,https://cafe24.poxo.com/ec01/a2medi/2MPBwJPY1W6L+wzPUGJ+dOfWSHtUJv/jzAzR5mAW0Aj6aWO/HjpocP2kLrq8kRhJh7EBgkiBIMP89T1uwB0Rhw==/_/web/product/big/202304/4768b81e5fc4884fa0a416f9024f9071.png,verified,non_medicine_official_source_pending,6,184
20250812_110543,컴배트 파워 개미 베이트,6개입,기타,not_applicable,https://asset.m-gs.kr/prod/91593240/1/550,verified,non_medicine_official_source_pending,6,185
20250812_110546,컴배트 파워 작은바퀴용,12개입,기타,not_applicable,https://basecamp.kr/web/product/big/20200410/00b6e94aa05de379d97c37a47343bfc4.jpg,verified,non_medicine_official_source_pending,6,186
20250812_110604,쿨티아 프로폴리스 토탈케어 가글,11mL×30포,"구강, 치아",not_applicable,https://cooltia.com/web/product/big/202606/98fd149421ed711242e14de9963fbe82.jpg,verified,non_medicine_official_source_pending,6,187
20250812_110608,클리덴트RX,48정,"구강, 치아",not_applicable,https://dpharm.co.kr/images/brand/cd02_sec01_img01.png,verified,non_medicine_official_source_pending,6,188
20250812_110613,폴리덴트 취침전,48정,"구강, 치아",not_applicable,https://img.danuri.io/catalog-image/413/470/013/aae50c3eec0b4644a190fff4e38c112b.jpg,verified,non_medicine_official_source_pending,6,189
20250812_110618,인사덴트 교정기 세정제,60정,"구강, 치아",not_applicable,https://img1a.coupangcdn.com/image/retail/images/e8c8e1a6-7470-4f4d-a49c-53f6825dce8b4761053293448570829.png,verified,non_medicine_official_source_pending,6,190
20250812_110621,인사덴트 나이트 의치 세정제,60정,"구강, 치아",not_applicable,https://gdimg.gmarket.co.kr/4802970321/goodsimage?ver=37840802368,verified,non_medicine_official_source_pending,6,191
20250812_110627,가그린 후레쉬 라임,750mL,"구강, 치아",not_applicable,https://static.megamart.com/product/image/1379/13792862/13792862_1_960.jpg,verified,non_medicine_official_source_pending,6,192
20250812_110707,관절팔팔,30캡슐,관절,not_applicable,https://img.danuri.io/catalog-image/278/016/032/c3347a5e93504d8296f7113a0f2fe554.jpg,verified,non_medicine_official_source_pending,6,193
20250812_110709,7일의 보스웰리아,30정,기타,not_applicable,https://ecimg.cafe24img.com/pg1906b94289711043/newtreemall/web/product/big/20250911/29e476426b58776ef8c337695e861dc7.png,verified,non_medicine_official_source_pending,6,194
20250812_110713,관절애MSM,240정,관절,not_applicable,https://soear.co.kr/web/product/big/202405/1804cf32d7e7b4ce1d6c69f458f142da.jpg,verified,non_medicine_official_source_pending,6,195
20250812_110725,스트롱조인트-F,240정,관절,not_applicable,https://soear.co.kr/web/product/big/202212/197ffdc754352f583d088cab41c9402d.jpg,verified,non_medicine_official_source_pending,6,197
20250812_110732,MSM 포르테,90정,관절,not_applicable,https://img.danuri.io/catalog-image/856/824/017/f64a4f719324465c91ecfd0db0335cf5.jpg,verified,non_medicine_official_source_pending,6,198
20250812_110734,코랄칼슘마그네슘,90T,영양제,not_applicable,https://img.danuri.io/catalog-image/543/372/006/eaff1a31b8cf45f18e7b2cb4c202a479.jpg,verified,non_medicine_official_source_pending,6,199
20250812_110751,프롬팜 관절건강엔 타마플렉스,60정,관절,not_applicable,https://ep-cdn.011st.com/11dims/resize/900x900/quality/75/11src/product/9456016183/B.webp?314055303,verified,non_medicine_official_source_pending,6,201
20250812_110755,프롬팜 관절건강엔 MSM&NAG,240정,관절,not_applicable,https://img1a.coupangcdn.com/image/vendor_inventory/a638/5c23545ec337fff03edf4142c84d0f5aeaf337c4c145e48ef596edaf7512.jpg,verified,non_medicine_official_source_pending,6,202
20250812_110820,소연골콘드로이친1200맥스플러스,60P,관절,not_applicable,https://product-image.prod-nsmall.com/new/36010668_0.jpg?s=238x238,verified,non_medicine_official_source_pending,6,208
20250812_110932,녹십자 하루케어 밀크씨슬,30정,영양제,not_applicable,https://img1a.coupangcdn.com/image/vendor_inventory/e2ee/074fb9286e203972caf8549dd5ea075a79c6d175726593a2f51fb6f14581.jpg,verified,non_medicine_official_source_pending,6,215
20250812_110942,리포조말 글루타치온 셀렌,120정,기타,not_applicable,https://contents.lotteon.com/itemimage/20260624154702/LO/27/07/66/81/05/_2/70/76/68/10/6/LO2707668105_2707668106_1.jpg,verified,non_medicine_official_source_pending,6,216
20250812_111018,우루샷정,2정,건강보조식품,not_applicable,https://img.danuri.io/catalog-image/740/278/016/0abd6aca6c284ca5ae6261609966f456.jpg,verified,non_medicine_official_source_pending,6,221
20250812_111110,온유로케어 칼륨 메리로트 밸런스,60정,영양제,not_applicable,https://img.danuri.io/catalog-image/751/342/097/8c2c3713ff854fef98d0f459ea9d1244.jpg,verified,non_medicine_official_source_pending,6,223
20250812_111123,프롬팜 두뇌 인지력엔,60캡슐,혈행개선,not_applicable,https://img1a.coupangcdn.com/image/vendor_inventory/02c3/0690a31d4b189ea61d2683922f81e0ba4cd5d4283e4f42627277ef7e0da5.png,verified,non_medicine_official_source_pending,6,225
20250812_111151,징코폴리시아,120캡슐,혈행개선,not_applicable,https://cdn.011st.com/11dims/resize/1000x1000/quality/75/11src/product/8627663897/B.webp?792774467,verified,non_medicine_official_source_pending,6,231
20250812_111154,징코넥신,120캡슐,혈행개선,not_applicable,https://cdn.011st.com/11dims/resize/1000x1000/quality/75/11src/product/3158272257/B.jpg?434000000,verified,non_medicine_official_source_pending,6,232
20250812_111209,써큐란 알파,180캡슐,혈행개선,not_applicable,https://www.dapharm.com/common/images/brand/CCLA180_01.png,verified,non_medicine_official_source_pending,6,236
20250812_111237,5070 면역비타민,120정,혈행개선,not_applicable,https://cdn.platpharm.co.kr/2025/01/2501200923210002860.jpg,verified,non_medicine_official_source_pending,6,241
20250812_112153,홈키파 마이키파 에스 엑스트라 파워 에어졸,150mL,호흡기,not_applicable,https://image.homeplus.kr/td/eacb976b-48bb-467c-9c4c-d8158ab922e4,verified,non_medicine_official_source_pending,6,268
20250812_112156,신신 모스키토 아웃도어 에어로솔,100mL,호흡기,not_applicable,https://image.auction.co.kr/origin/4f/15/87/4f15872ec6.jpg,verified,non_medicine_official_source_pending,6,269
20250812_112224,영국산 비타민C 500mg,12정,호흡기,not_applicable,https://cdn.mariooutlet.com/Product/A0747/DJN/P003743267_d1.jpg,verified,non_medicine_official_source_pending,6,270
20250812_112437,다나음 액티브 엽산+비타민D3,60정,여성,not_applicable,https://cdn.011st.com/11dims/resize/600x600/quality/75/11src/cat/21/9/3/3/4/1/3/VbGwq/77933413_1.jpg,verified,non_medicine_official_source_pending,6,274
20250812_113313,아이다움 실리콘 투약병,1개,호흡기,not_applicable,https://ecimg.cafe24img.com/pg195b61208726017/jintkorea1/web/product/big/20250212/e488e65926696db4ecfedf009b47a403.png,verified,non_medicine_official_source_pending,6,352
20250812_114035,덴타탁 액티브,120정,소화기,not_applicable,https://image9.coupangcdn.com/image/vendor_inventory/6579/0415bf567468b5b884ef51d6542144ac783a53980ff36a320409b5535c1f.jpg,verified,non_medicine_official_source_pending,6,418
20250812_114037,유한 덴티케어플러스,120정,소화기,not_applicable,https://cdn.011st.com/11dims/resize/1000x1000/quality/75/11src/product/7951386571/B.jpg?92000000,verified,non_medicine_official_source_pending,6,419
20250812_114054,프로탁스(R),120정,"구강, 치아",not_applicable,https://www.bukwang.co.kr/data/product/attachFiles_1733472240ndcz40x3bz.jpg,verified,non_medicine_official_source_pending,6,422
20250812_114122,이가 엔 탑플러스,120정,"구강, 치아",not_applicable,https://img1a.coupangcdn.com/image/vendor_inventory/456b/61f87847ca153e67715837e5f005ca7b5890c78401c062dca69632fb5963.png,verified,non_medicine_official_source_pending,6,426
20250812_114800,자이젤리겔,50g,남성,not_applicable,https://www.peoplepharm.com/shop/data/goods/1644061413386l0.jpg,verified,non_medicine_official_source_pending,6,479
20250812_114805,페미라이드플러스,180ml,여성,not_applicable,https://ep-cdn.011st.com/11dims/resize/900x900/quality/75/11src/product/9398751345/B.webp?640603511,verified,non_medicine_official_source_pending,6,481
20250812_114808,프로캄 클레어진 여성청결제,200mL + 50mL,여성,not_applicable,https://image.coupangcdn.com/image/vendor_inventory/b22b/8dae9532c52b323c1138003234bd15e7a17fdf2277db94706ee520f528af.png,verified,non_medicine_official_source_pending,6,482
20250812_114826,그린티다이어트,30T,다이어트,not_applicable,https://cdn.011st.com/11dims/resize/1000x1000/quality/75/11src/product/7848017763/B.jpg?317000000,verified,non_medicine_official_source_pending,6,484
20250812_114911,밀크씨슬액세트,1box,소화기,not_applicable,https://img.danuri.io/catalog-image/665/223/029/a7a087d06519425d949f2b9cb13769a9.jpg,verified,non_medicine_official_source_pending,6,487
20250812_114938,셀티아이키즈,60P,키즈,not_applicable,https://image.coupangcdn.com/image/vendor_inventory/b5eb/07d064ff71d30b560c32a5666471113e01e7e0177dfa8222428c503dcb81.jpg,verified,non_medicine_official_source_pending,6,493
20250812_114941,셀티아이 골드,120C,키즈,not_applicable,https://shopping-phinf.pstatic.net/main_8802069/88020696096.jpg,verified,non_medicine_official_source_pending,6,494
20250812_114943,셀티아이 맘,120C,키즈,not_applicable,https://img1a.coupangcdn.com/image/vendor_inventory/4791/ca55bebbc6d29567796a70fc2f11a502eb727a8b5c5539fd9e5ea9214edd.jpg,verified,non_medicine_official_source_pending,6,495
20250812_115003,황제진상보,100ml,영양제,not_applicable,https://ep-cdn.011st.com/11dims/resize/900x900/quality/75/11src/pd/v2/9/5/3/7/0/6/QsYYg/9494953706_B.webp,verified,non_medicine_official_source_pending,6,497
20250812_115110,경옥침향세트,100ml,영양제,not_applicable,https://static.megamart.com/product/image/1357/13572778/13572778_1_960.jpg,verified,non_medicine_official_source_pending,6,504
20250812_115206,잘크토닉,40ml,소화기,not_applicable,https://m.choa.co.kr/userFiles2/product/filename20220113_111825_0653148.jpg,verified,non_medicine_official_source_pending,6,511
20250812_115209,데이스트,3앰플,소화기,not_applicable,https://m.choa.co.kr/userFiles2/product/filename20230620_140224_0655361.jpg,verified,non_medicine_official_source_pending,6,513
20250812_115225,젤리 잘크톤(망고맛),15g × 30포,소화기,not_applicable,https://m.choa.co.kr/userFiles2/product/filename20201229_161913_0074520.jpg,verified,non_medicine_official_source_pending,6,515
20250812_115226,젤리 잘크톤(블루베리맛),15g × 30포,소화기,not_applicable,https://m.choa.co.kr/userFiles2/product/filename20220113_113723_0617748.jpg,verified,non_medicine_official_source_pending,6,516
20250812_115232,미향 키즈아이쑥쑥,275mg × 240정 × 2박스,소화기,not_applicable,https://shop-phinf.pstatic.net/20230925_15/16956417306555Seac_PNG/10538629446138649_571722160.png?type=o1000,verified,non_medicine_official_source_pending,6,517
20250812_115242,더팜 액상 미네랄 키즈,30포,키즈,not_applicable,https://gdimg.gmarket.co.kr/3125935195/still/600?ver=1745388571,verified,non_medicine_official_source_pending,6,518
20250812_115247,프롬팜 락토 챔피언 키즈,60포,키즈,not_applicable,https://ep-cdn.011st.com/11dims/resize/900x900/quality/75/11src/product/9484670248/B.webp?384685152,verified,non_medicine_official_source_pending,6,519
20250812_115248,더팜이지바울베베키즈,60P,키즈,not_applicable,https://cdn.011st.com/11dims/resize/1000x1000/quality/75/11src/product/7248329001/B.jpg?284000000,verified,non_medicine_official_source_pending,6,520
20250812_115304,프롬팜 오메가 챔피언,700mg × 80캡슐,키즈,not_applicable,https://www.dapharm.com/common/images/brand/84281a9929994366875dcb7af7aa6987.png,verified,non_medicine_official_source_pending,6,523
20250812_115344,블랙마카애골드,30정,전립선,not_applicable,https://pharmswell.net/web/product/big/202603/568007930013d86a01966c7c1d7ca04e.jpg,verified,non_medicine_official_source_pending,6,526
20250812_115438,쏘팔메토옥타코사놀메가프라임,120캡슐,전립선,not_applicable,https://img1a.coupangcdn.com/image/vendor_inventory/fe8e/bbd8172a0b4621dd124f9b170f89c8a54bc62a8889869494b240fa67139f.png,verified,non_medicine_official_source_pending,6,531
20250812_115445,녹십자 하루케어 쏘팔메토,30c,영양제,not_applicable,https://img1a.coupangcdn.com/image/vendor_inventory/3a77/1461dfe9be28880a30d9e4caea70f568c5b3e6fba38e03df613b88566f27.png,verified,non_medicine_official_source_pending,6,532
20260129_110232,조아엉겅퀴골드,100mL × 10병,드링크,not_applicable,https://m.choa.co.kr/userFiles2/product/filename20250827_102646_0616436.jpg,verified,non_medicine_official_source_pending,6,534
20260129_110238,건강애,10병,드링크,not_applicable,https://image.coupangcdn.com/image/vendor_inventory/image_audit/prod/dcec799e-c7c0-40b1-92b1-7e3ace2ba4d6_fixing_v2.png,verified,non_medicine_official_source_pending,6,536
20260129_110242,구론산,10병,드링크,not_applicable,https://img.danuri.io/catalog-image/623/730/017/ec4c7a4820ad48a8b5459b884accc002.jpg,verified,non_medicine_official_source_pending,6,537
20260129_110248,쿠퍼스깨곰,10병,숙취,not_applicable,https://cdn.011st.com/11dims/resize/1000x1000/quality/75/11src/product/8314940267/B.png?875077017,verified,non_medicine_official_source_pending,6,538
20260129_110250,주당의비결,10개입,숙취,not_applicable,https://godomall.speedycdn.net/6013ba44731dbbeb20b93e792f36377f/goods/1000000301/image/magnify/1000000301_magnify_019.jpg,verified,non_medicine_official_source_pending,6,539
20260129_110254,헛개컨디션,10병,숙취,not_applicable,https://img.danuri.io/catalog-image/888/231/004/9620ad20a144439f8b2cec33bf859253.jpg,verified,non_medicine_official_source_pending,6,540
20260129_110257,컨디션스틱그린애플,10개,숙취,not_applicable,https://img.danuri.io/catalog-image/647/782/016/fe4471e173a64814b5b3861ffce0988b.jpg,verified,non_medicine_official_source_pending,6,541
20260129_110259,컨디션스틱자두,10개,숙취,not_applicable,https://cdn.011st.com/11dims/resize/1000x1000/quality/75/11src/product/9057758651/B.webp?783976653,verified,non_medicine_official_source_pending,6,542
20260129_110300,컨디션스틱망고,10개,숙취,not_applicable,https://hkinnotr7596.cdn-nhncommerce.com/data/goods/23/11/48/1000001128/1000001128_detail_053.jpg,verified,non_medicine_official_source_pending,6,543
20260129_110306,상쾌환,10포,숙취,not_applicable,https://img.danuri.io/catalog-image/809/645/072/10ec1fd214974bd88f841f25caadc31d.jpg,verified,non_medicine_official_source_pending,6,544
20260129_110309,상쾌환부스터,10EA,숙취,not_applicable,https://cdn.011st.com/11dims/resize/1000x1000/quality/75/11src/product/5441774528/B.jpg?990000000,verified,non_medicine_official_source_pending,6,545
20260129_110312,헛개땡큐골드,10병,숙취,not_applicable,https://ckdmall.co.kr/web/product/big/202506/b47471fcc591a3bbe974b7cf05c2a3df.jpg,verified,non_medicine_official_source_pending,6,546
20260129_110316,광동헛개파워,10병,숙취,not_applicable,https://content.foodspring.co.kr/vendor/192/images/28_8911124316_r.JPG?f=webp,verified,non_medicine_official_source_pending,6,547
20260129_110317,헛개숙취세트,1SET,숙취,not_applicable,https://cdn.011st.com/11dims/resize/1000x1000/quality/75/11src/product/3359973101/B.jpg?496000000,verified,non_medicine_official_source_pending,6,548
20260129_110323,헛개숙취세트10EA,10EA,숙취,not_applicable,https://cdn.011st.com/11dims/resize/1000x1000/quality/75/11src/product/8267449554/B.jpg?73080907,verified,non_medicine_official_source_pending,6,549
20260129_110356,닥터 리쥬피디 프리미엄 PDRN 리페어 크림,20g,코스메틱,not_applicable,https://image.makewebcdn.com/makeweb/m_1920x0/S3M3eCgZP/16brand/TK0003439_104.jpg?v=202405291424,verified,non_medicine_official_source_pending,6,550
20260129_110402,리쥬닉 PDRN 리쥬비네이팅 앤 리페어 크림,20mL,코스메틱,not_applicable,https://img1a.coupangcdn.com/image/vendor_inventory/9a3b/7f25d1f5432dad428656c2fc6185a894306c1093ff2ee2e4fcceae08caa4.png,verified,non_medicine_official_source_pending,6,552
20260129_110414,닥터 리쥬올 어드밴스드 RETINO 멜라 세럼,50mL,코스메틱,not_applicable,https://ecimg.cafe24img.com/pg1921b33605515017/neosimplerix/web/product/medium/20260521/69fd47a8662af8916c219d42dd92e513.png,verified,non_medicine_official_source_pending,6,554
20260129_110422,리쥬올 PDRN크림,30ml,코스메틱,not_applicable,https://ecimg.cafe24img.com/pg1921b33605515017/neosimplerix/web/product/medium/20260521/807b731a578a7db597a26b5728327e90.png,verified,non_medicine_official_source_pending,6,556
20260129_110426,프로캄레드엑스크림,18ml,코스메틱,not_applicable,https://img1a.coupangcdn.com/image/vendor_inventory/ac4d/40edc3557b67913c43bbbe81551a04ed46022780f27bdea3a2343f87351a.png,verified,non_medicine_official_source_pending,6,557
20260129_110434,프로캄EGFPDRN시너지마스크,3EA,코스메틱,not_applicable,https://down-sg.img.susercontent.com/file/sg-11134207-824h8-me6i1h0nv9c15a,verified,non_medicine_official_source_pending,6,559
20260129_110451,아르베라 PDRN리쥬샷크림,50ml,코스메틱,not_applicable,https://sep-item.ssgcdn.com/00/46/40/item/1000776404600_i1_350.jpg,verified,non_medicine_official_source_pending,6,560
20260129_110453,아르베라 PDRN리쥬샷부스터,120ml,코스메틱,not_applicable,https://sep-item.ssgcdn.com/89/45/40/item/1000776404589_i1_350.jpg,verified,non_medicine_official_source_pending,6,561
20260129_110456,아르베라 포포 파우더 워시,90g,코스메틱,not_applicable,https://img1a.coupangcdn.com/image/vendor_inventory/3563/6533ca6c1eef16961436b5eac634823aa2fe7f003bebef77e397c4f27c73.jpg,verified,non_medicine_official_source_pending,6,563
20260129_110508,이데베논 프레스티지앰플,10ml,코스메틱,not_applicable,https://img.danuri.io/catalog-image/101/663/030/94c62887e9434c5c96f13e181c7699e2.jpg,verified,non_medicine_official_source_pending,6,564
20260129_110518,셀비엔 글루타치온 백옥앰플,30mL,코스메틱,not_applicable,https://cellbn.co.kr/web/product/big/202505/836afd4a090b36800be2b3115597267a.jpg,verified,non_medicine_official_source_pending,6,565
20260129_110519,셀비엔 글루타치온 백옥크림,50g,코스메틱,not_applicable,https://m.cellbn.co.kr/web/product/big/202505/0d932a7bb0ece85b706589b269f7375b.jpg,verified,non_medicine_official_source_pending,6,566
20260129_110521,나티아 PDRN다이렉트 필름,30매,코스메틱,not_applicable,https://cdn.oasis.co.kr:48581/product/123662/thumb/30b616f1-4348-456d-bfde-989a7a2a8912.jpg,verified,non_medicine_official_source_pending,6,567
20260129_110528,프로캄 베베 베이비로션,250ml,코스메틱,not_applicable,https://img1a.coupangcdn.com/image/vendor_inventory/image_audit/prod/2fc2b3e4-d8bf-4dd1-8920-b3cc84bd34f0_fixing_v2.png,verified,non_medicine_official_source_pending,6,568
20260129_110530,프로캄 베베 베이비크림,140ml,코스메틱,not_applicable,https://img.danuri.io/catalog-image/542/576/048/c87373bbe1d34919a081a4870080f143.jpg,verified,non_medicine_official_source_pending,6,569
20260129_110845,풀업373다이렉트,15매,남성,not_applicable,https://img.danuri.io/catalog-image/847/909/091/9a95dde88c3840948174a69da2858fc0.jpg,verified,non_medicine_official_source_pending,6,573
20260129_110848,더다른아르기닌오르니틴,14포,남성,not_applicable,https://www.drprio.com/web/product/big/202406/ecaa0c5a8284579048dbafa81adc93f8.jpg,verified,non_medicine_official_source_pending,6,574
20260129_110858,알콘달콘소프트핑거가드,20개,남성,not_applicable,https://alcondalcon.com/web/product/big/202210/5c96b24365ebda9acab883f4afdf9369.jpg,verified,non_medicine_official_source_pending,6,575
20260129_110918,듀렉스 러브,10개,남성,not_applicable,https://m.kondom.co.kr/web/product/big/202406/073ef475ebe2aeec353558137b8ba0ba.jpg,verified,non_medicine_official_source_pending,6,577
20260129_110940,듀렉스 익사이트 미,10개,남성,not_applicable,https://ivancity.com/data/item/16/08/35/1000000606/1000000606_magnify_051.jpg,verified,non_medicine_official_source_pending,6,578
20260129_110942,듀렉스 플레져 미,10개,남성,not_applicable,https://cdn-banana.bizhost.kr/files/goods/10143/1628751274_1.jpg,verified,non_medicine_official_source_pending,6,579
20260129_110946,듀렉스필울트라씬,3EA,남성,not_applicable,https://eskl001image.godohosting.com/dalbame/images/goods/25/07/29/1000002789/1000002789_detail_054.jpg,verified,non_medicine_official_source_pending,6,580
20260129_111224,판토모나 비오틴하이퍼포머,240정,탈모,not_applicable,https://img.danuri.io/catalog-image/084/090/119/2d94ed5b0f5e4e4eb0b7ad962af1c3e4.jpg,verified,non_medicine_official_source_pending,6,582
20260129_111318,맥스파워비오틴,120정,탈모,not_applicable,https://sep-item.ssgcdn.com/49/09/20/item/1000684200949_i1_350.jpg,verified,non_medicine_official_source_pending,6,594
20260129_111429,일동모발솔루션프리미엄,30포,탈모,not_applicable,https://admin.ildong.com/upload/2026-01-22/176908384045814007.jpg,verified,non_medicine_official_source_pending,6,603
20260129_112014,컬처렐 헬스앤웰니스,30캡슐,유산균,not_applicable,https://assets.fullscript.io/Product/AM9003/400_front.png?image_position=1&label=front,verified,non_medicine_official_source_pending,6,625
20260129_112016,상쾌한구강유산균,30포,유산균,not_applicable,https://img.danuri.io/catalog-image/575/204/060/89190201b50444b1846429d9b5027724.jpg,verified,non_medicine_official_source_pending,6,626
20260129_112022,와이즈바이옴프로위앤장,30포,유산균,not_applicable,https://img1a.coupangcdn.com/image/vendor_inventory/613c/950b3a8393201ea10636e6d567a1f2c7e8fa379870d7a77a7070851a822e.png,verified,non_medicine_official_source_pending,6,627
20260129_112026,피비10골드플러스,120캡슐,유산균,not_applicable,https://cdn.011st.com/11dims/resize/792x792/quality/75/11src/product/2781330855/B.jpg?633000000,verified,non_medicine_official_source_pending,6,628
20260129_112036,프리미엄 뉴케어 유산균 100억,60캡슐,유산균,not_applicable,https://ep-cdn.011st.com/11dims/resize/900x900/quality/75/11src/product/8353417947/B.jpg?100009337,verified,non_medicine_official_source_pending,6,631
20260129_112040,리포좀 생유산균,30포,유산균,not_applicable,https://img1a.coupangcdn.com/image/vendor_inventory/0528/6a05d49ad74393d16e5c82171fbf05a7ccc97a9ed224327348466d19f176.jpg,verified,non_medicine_official_source_pending,6,632
20260129_112050,프롬팜장건강엔프로바이오틱스아연,60정,유산균,not_applicable,https://img1a.coupangcdn.com/image/vendor_inventory/c01c/c38ff6f767356737f5fcbd55d418a28875c4dc7a6f38478726c202cec2de.jpg,verified,non_medicine_official_source_pending,6,635
20260129_112053,하루 밸런스 프로바이오틱스,100포,유산균,not_applicable,https://shop-phinf.pstatic.net/20260624_170/1782282762045Dhs9C_PNG/36941520971374161_2000320216.png,verified,non_medicine_official_source_pending,6,636
20260129_112106,마이크로바이옴맥스바이오틱스,4g×30포,유산균,not_applicable,https://img.danuri.io/catalog-image/465/439/061/dc11b5a8617a4960bfb7cd075e79589f.jpg,verified,non_medicine_official_source_pending,6,639
20260129_112109,프로바이오틱스맥스,120캡슐,유산균,not_applicable,https://image.coupangcdn.com/image/vendor_inventory/e426/ea420ab9ec0f15aac9bfa5fb617c5c56300ac6736c2e0a663e940547992a.jpeg,verified,non_medicine_official_source_pending,6,640
20260129_112113,락토핏생유산균팜,60포,유산균,not_applicable,https://ep-cdn.011st.com/11dims/resize/900x900/quality/75/11src/product/9274967952/B.webp?337911866,verified,non_medicine_official_source_pending,6,641
20260129_112117,야쿠르트프로바이오틱스,2g×60포,유산균,not_applicable,https://s3image.fredit.co.kr/prdimg/20251128/008/0007/00010/000240/70337/70337_F_129.jpg,verified,non_medicine_official_source_pending,6,642
20260129_112120,야쿠르트 프로바이오틱스 혈당콜레스테롤케어,60포,유산균,not_applicable,https://image.auction.co.kr/origin/50/f7/5f/50f75fa676.jpg,verified,non_medicine_official_source_pending,6,643
20260129_112125,바이오리브 100억 유산균,30캡슐,유산균,not_applicable,https://img.danuri.io/catalog-image/796/655/075/6056913aabba4d90aa7ff656cbe8d81d.jpg,verified,non_medicine_official_source_pending,6,644
20260129_112134,미야리산U,420정,유산균,not_applicable,https://image.coupangcdn.com/image/vendor_inventory/image_audit/prod/daaec6ac-10b1-40a3-a751-f0f18cffae92_fixing_v2.png,verified,non_medicine_official_source_pending,6,645
20260129_112142,프리락토프리미엄,60캡슐,유산균,not_applicable,https://ep-cdn.011st.com/11dims/resize/900x900/quality/75/11src/product/9274454574/B.webp?64498861,verified,non_medicine_official_source_pending,6,647
20260129_112145,프리락토시그니처키즈,2g×60포,유산균,not_applicable,https://soear.co.kr/web/product/big/202404/793beb6e68cac358b50d2d918ee990cd.png,verified,non_medicine_official_source_pending,6,648
20260129_112148,프리락토시그니처,2g×60포,유산균,not_applicable,https://soear.co.kr/web/product/big/202405/919f2d2ad12da9f8abdd6ce43e086e66.jpg,verified,non_medicine_official_source_pending,6,649
20260129_112151,프리락토더포스트,60포,유산균,not_applicable,https://ep-cdn.011st.com/11dims/resize/900x900/quality/75/11src/product/9430097863/B.webp?310433405,verified,non_medicine_official_source_pending,6,650
20260129_112636,온유로케어나이트루틴멜나잇,30정,수면,not_applicable,https://image.coupangcdn.com/image/vendor_inventory/40e3/15de490a1baf339b0195f5765289521f11fc160321568c678c0bc4a03cca.jpg,verified,non_medicine_official_source_pending,6,663
20260129_112642,온유로케어 릴렉스루틴 테아닌,60캡슐,수면,not_applicable,https://img.danuri.io/catalog-image/189/783/077/feda3787f9e642f19243209dfe2ad902.jpg,verified,non_medicine_official_source_pending,6,665
20260129_112644,알지오골드,15ml×10바이알,수면,not_applicable,https://image.coupangcdn.com/image/vendor_inventory/82a1/9fa11e9d0b6e93f164068ad17ebefe245089abc156f0163c72f5a84ac484.jpg,verified,non_medicine_official_source_pending,6,666
20260129_113532,식물성비타민B컴플렉스,30캡슐,비타민,not_applicable,https://nutrius.co.kr/web/product/medium/202503/4348f95ff25925a16283ffff99b0024a.jpg,verified,non_medicine_official_source_pending,6,719
20260129_113633,프롬팜싱글맥스비타민D5000IU,60정,비타민,not_applicable,https://img1a.coupangcdn.com/image/vendor_inventory/51cf/2a08dda69c472760d78845c1c86a56b79b2d12043582e60b1f410c608dbc.png,verified,non_medicine_official_source_pending,6,726
20260129_113635,프레스샷,15ml×10병,비타민,not_applicable,https://img.danuri.io/catalog-image/742/600/028/3f99287a1a384504bd3ea329f01696a1.jpg,verified,non_medicine_official_source_pending,6,727
20260129_113649,식물성멀티비타민미네랄,30캡슐,비타민,not_applicable,https://nutrius.co.kr/web/product/medium/202503/680ee098bdbb703177d9d09286df5faa.jpg,verified,non_medicine_official_source_pending,6,730
20260129_113651,식물성비타민D아연,30캡슐,비타민,not_applicable,https://nutrius.co.kr/web/product/big/202503/473e23b15d54877203111534d3bdebda.jpg,verified,non_medicine_official_source_pending,6,731
20260129_113710,하루케어비타민D 4000IU,30캡슐,비타민,not_applicable,https://image.coupangcdn.com/image/vendor_inventory/18bf/efe7ae47fe82acc25554abf12a84458a831dc8c9b275888918578cf5ca42.png,verified,non_medicine_official_source_pending,6,734
20260129_113712,유한m비타민D2000IU,90캡슐×2병,비타민,not_applicable,https://image.coupangcdn.com/image/vendor_inventory/5cf5/99c427a8b2100e65372058ee51d47ce75737b8c946d25ccfef9394b3ea9a.png,verified,non_medicine_official_source_pending,6,735
20260129_113716,솔가비타민D3 1000IU,180캡슐,비타민,not_applicable,https://img.danuri.io/catalog-image/451/395/062/c65902fa06494a579e4548d507c36e34.jpg,verified,non_medicine_official_source_pending,6,737
20260129_113736,비타블로썸 메가비타민C3000,120포,비타민,not_applicable,https://img.danuri.io/catalog-image/845/044/064/b58d99cda82b41ad98eacf67432a7985.jpg,verified,non_medicine_official_source_pending,6,741
20260129_113739,영국산 비타민C 3000,100포,비타민,not_applicable,https://img.danuri.io/catalog-image/212/280/029/7e8cee2336064b76a60018cb0479a2b0.jpg,verified,non_medicine_official_source_pending,6,742
20260129_113742,데일리 비타민C 골드 프리미엄,60포,비타민,not_applicable,https://img1a.coupangcdn.com/image/retail/images/59287453866584-7801cf02-b9f3-4429-98c9-844f810014e1.jpg,verified,non_medicine_official_source_pending,6,743
20260129_113744,식물성비타민C 셀레늄,30캡슐,비타민,not_applicable,https://nutrius.co.kr/web/product/big/202503/085dd2245277a1fa303d8985025f9788.jpg,verified,non_medicine_official_source_pending,6,744
20260129_113838,슈퍼멀티비타민이뮨부스트,25ml×10병,비타민,not_applicable,https://www.checkeat.org/incidents/3000224863.jpg,verified,non_medicine_official_source_pending,6,753
20260129_113939,이뮨엔비타민미네랄듀얼샷,500mg×14포,비타민,not_applicable,https://ep-cdn.011st.com/11dims/resize/900x900/quality/75/11src/product/8862758412/B.webp?861286150,verified,non_medicine_official_source_pending,6,754
20260129_113942,데일리 에너지 올인원 끌올팩,30팩,비타민,not_applicable,https://img1a.coupangcdn.com/image/retail/images/262868907515538-7c4fd5d9-f318-4374-ab75-b939cbb0a663.jpg,verified,non_medicine_official_source_pending,6,755
20260129_114007,속편한비타민C프리미엄,1000mg×120정,비타민,not_applicable,https://image.coupangcdn.com/image/vendor_inventory/5184/4ec9c4087921978be61f06c0c2b38eafe663a9487d739f757039e30f055d.jpg,verified,non_medicine_official_source_pending,6,761
20260129_114011,엘리나C,120포,비타민,not_applicable,https://cdn.011st.com/11dims/resize/2000x2000/quality/100/11src/product/6668425991/B.jpg?595000000,verified,non_medicine_official_source_pending,6,763
20260129_114030,비타그란비타민C츄어블사과맛,72정,비타민,not_applicable,https://ep-cdn.011st.com/11dims/resize/900x900/quality/75/11src/product/8602790133/B.webp?473879659,verified,non_medicine_official_source_pending,6,765
20260129_114033,비타그란비타민C츄어블포도맛,72정,비타민,not_applicable,https://ep-cdn.011st.com/11dims/resize/900x900/quality/75/11src/pd/v2/9/1/1/6/2/0/ZzvWu/9461911620_B.webp,verified,non_medicine_official_source_pending,6,766
20260129_114042,비타그란비타민C츄어블베리맛,72정,비타민,not_applicable,https://m.dmall.co.kr/web/product/extra/big/202510/7def2e4edcbf9528a2bc2281c66496ec.png,verified,non_medicine_official_source_pending,6,767
20260129_114045,비타그란비타민C츄어블레몬맛,72정,비타민,not_applicable,https://m.dmall.co.kr/web/product/extra/big/202510/06b59b44249635c450bf74771467a819.png,verified,non_medicine_official_source_pending,6,768
20260129_114051,비타바이탈씨과립레몬맛,120포,비타민,not_applicable,https://www.yaksawa.com/shopimages/yaksawa/1470000005832.jpg,verified,non_medicine_official_source_pending,6,769
20260129_114102,에너쎌 아연,30정,비타민,not_applicable,https://img1a.coupangcdn.com/image/vendor_inventory/5ca7/2473e260aca8e7db8b767993e00f3003ff91e33cd1c999d89c3cdf7208a2.jpg,verified,non_medicine_official_source_pending,6,772
20260129_114110,쎈탁스올인원멀티비타민미네랄,36정,비타민,not_applicable,https://cdn.011st.com/11dims/resize/2000x2000/quality/100/11src/dl/v2/6/7/0/0/1/5/ZLCLL/2583670015_235700373.webp,verified,non_medicine_official_source_pending,6,775
